link,model,tuned,select_on,eps_rmse,eps_bias,eps_corr,regret,pct_negative,policy_profit,policy_se,logloss
logit,glm (v1),True,logloss,0.8407957484050044,-0.3696700855578159,0.834499153367782,6.356519714280168,0.0,89.10704921997139,4.322751216946521,0.5150070903334961
logit,glm (v1),False,regret,0.8407957484050044,-0.3696700855578159,0.834499153367782,6.356519714280168,0.0,89.10704921997139,4.322751216946521,0.5150070903334961
logit,glm+interactions (v2),True,logloss,0.8636700847468856,-0.38249238347287284,0.8117925800598619,8.492211750286492,0.0,89.44219462623808,4.419216131352593,0.5151883496827032
logit,glm+interactions (v2),False,regret,0.8299170790611374,-0.32792849007112523,0.8154756168098296,7.520697386968155,0.0,90.54807338173758,4.448015016936941,0.5151361570191113
logit,gbm (v1),True,logloss,2.3830621677467696,-0.3873159538335331,0.2350594803177837,16.92535541871569,0.06490666666666667,86.65077678411068,4.378435627209988,0.524549743222128
logit,gbm (v1),False,regret,1.048972024920394,-0.2745263914700047,0.6099788056523743,8.591345875080576,0.00736,89.51614470798681,4.399054182484804,0.531786198968657
logit,gbm (v2: I1+I2+I3+I4),True,logloss,1.839593895919356,-1.3360574474773088,0.5480287424972491,14.227176741838033,0.3185866666666667,88.1261077337834,4.432151546976805,0.5177043144855545
logit,gbm (v2: I1+I2+I3+I4),False,regret,1.0487088209472382,0.06797319387461975,0.5544023659314457,3.0367795957747816,0.0,87.79068056137857,4.032974209678884,0.5248395325953411
logit,tlearner (v1),True,logloss,2.842008046547519,-0.05701794983433528,0.3799549088597536,16.32789504165267,0.23370666666666667,83.75479013603079,3.817906340711706,0.5273146251095469
logit,tlearner (v1),False,regret,1.2808047418054056,-0.4044399523054014,0.577311135971863,7.900499514654753,0.07578666666666667,91.09944280896121,4.384456775277538,0.5338312093428235
logit,tlearner (anchored),True,logloss,1.2856486863834307,-0.0884375234273187,0.6269910901926837,8.095669155127256,2.6666666666666667e-05,90.119759887453,4.314997075033602,0.5236709642972966
logit,tlearner (anchored),False,regret,0.6449700122944341,-0.10491359589310267,0.8607160746665313,3.558578223197024,0.00024,89.99493705232398,4.20370403330797,0.5338785616628936
logit,aipw arm effects,True,logloss,5.495049677761497,0.31314701800659517,0.29966817749967806,12.530599956893173,0.21066666666666667,86.1691724903207,3.9629971953287444,0.5292821619952974
logit,aipw arm effects,False,regret,1.309827911140003,-0.6630626371004715,0.47969213210586137,9.621592587128731,0.04221333333333333,89.30958201743539,4.438249972767081,0.5987288657072213
probit,glm (v1),True,logloss,1.2441284416569423,-0.5557372557277191,0.8109404824207798,6.243158457800363,0.0,89.0638577322516,4.318631754460667,0.5174534203576651
probit,glm (v1),False,regret,1.2441284416569423,-0.5557372557277191,0.8109404824207798,6.243158457800363,0.0,89.0638577322516,4.318631754460667,0.5174534203576651
probit,glm+interactions (v2),True,logloss,1.2310123355819906,-0.5223316767937196,0.7913208369360537,8.204670614316992,0.0,89.69374692747415,4.435717285902647,0.5177286035788583
probit,glm+interactions (v2),False,regret,1.2153604853967273,-0.4995350121538431,0.7942950851956642,7.6135168248244325,0.0,90.49125914089917,4.4474327068318305,0.5175667713940469
probit,gbm (v1),True,logloss,2.6001214503695587,-0.6004479981546855,0.14520598388285633,18.726783584398596,0.02648,85.41736238058142,4.313571905358769,0.5260664165666481
probit,gbm (v1),False,regret,1.3514110366601613,-0.3928178473276549,0.5891468868581877,8.998237493679394,0.00248,89.578509743397,4.413234836248291,0.5340665947178322
probit,gbm (v2: I1+I2+I3+I4),True,logloss,2.08501878562065,-1.3303360282614656,0.5520961066280818,15.025196147143323,0.3312,88.93312960889519,4.3586651601110935,0.5202636166404258
probit,gbm (v2: I1+I2+I3+I4),False,regret,1.4341095796853298,-0.0861799928828968,0.4594139127801046,2.0628056053163926,0.0,88.1804384780484,4.179072721269823,0.5271933221630184
probit,tlearner (v1),True,logloss,2.930316984399665,-0.16523255817429794,0.3960737964145183,16.840212883020353,0.23008,88.78236708065091,4.2087765182870935,0.5296377800650648
probit,tlearner (v1),False,regret,1.424131643452079,-0.6209255661896409,0.6150440100414264,7.712208617143066,0.0584,91.19673883923643,4.496938644864621,0.5380021552793803
probit,tlearner (anchored),True,logloss,1.395316129989562,-0.23955687147883564,0.6364088666852722,8.076422314622342,8e-05,89.35858651203235,4.201521586667664,0.5263488137027608
probit,tlearner (anchored),False,regret,0.9589581235866097,-0.3684425311311479,0.8458010971289823,3.3486659963573238,0.00034666666666666667,90.80298463533462,4.364416514688283,0.5483328467306445
probit,aipw arm effects,True,logloss,5.639610097882306,0.20313853307740093,0.33359267559781,13.204504959719868,0.20661333333333334,87.12724880276762,4.066412819364081,0.5313139354659467
probit,aipw arm effects,False,regret,1.762909985039547,-0.5878323044939,0.3408389964078225,10.835927550172212,8e-05,86.66770250161576,4.067515522842945,0.5543085649539422
kinked,glm (v1),True,logloss,0.3773297052705428,-0.06086908770915156,0.5160453863569686,0.11851376117132836,0.0,115.26474896651735,5.140650609773125,0.6163550158460113
kinked,glm (v1),False,regret,0.3773297052705428,-0.06086908770915156,0.5160453863569686,0.11851376117132836,0.0,115.26474896651735,5.140650609773125,0.6163550158460113
kinked,glm+interactions (v2),True,logloss,0.7557390386282261,-0.0852455128116879,0.24201006667383979,16.1942070177155,0.07850666666666667,109.1424173319131,4.306929359261094,0.6157728570103509
kinked,glm+interactions (v2),False,regret,0.38289289918912245,-0.07893285279196205,0.5085908463837536,0.40000247511085874,0.0,114.92683261471015,5.123547528892495,0.6161461771164076
kinked,gbm (v1),True,logloss,0.9360883848058222,-0.23479918127819177,0.1354630762859806,6.978196563827506,0.04208,112.86478904633198,5.046207556041115,0.6205630320211607
kinked,gbm (v1),False,regret,0.53040051874572,-0.06307879044365139,0.2990486411487839,1.8569679248650799,0.009653333333333333,114.22464579681179,5.064228486865304,0.630700360606462
kinked,gbm (v2: I1+I2+I3+I4),True,logloss,0.9907321534413711,-0.696179829484285,0.4460925660962877,0.8972201284545759,0.372,116.40198993689357,5.231107861568451,0.6165805687371115
kinked,gbm (v2: I1+I2+I3+I4),False,regret,0.9907321534413711,-0.696179829484285,0.4460925660962877,0.8972201284545759,0.372,116.40198993689357,5.231107861568451,0.6165805687371115
kinked,tlearner (v1),True,logloss,1.095704384981263,-0.06244209697671799,0.24201204518615288,9.324716838144418,0.19962666666666667,112.45488612191733,4.789500465544437,0.6228437104378862
kinked,tlearner (v1),False,regret,0.5159130089788461,-0.11194101310354854,0.4203848101548474,0.9189621514619124,0.028133333333333333,115.35473489116828,5.128937215206027,0.6348165880172342
kinked,tlearner (anchored),True,logloss,0.8695283155846836,0.1310064485925445,0.34432221989788053,9.64786945384771,0.00010666666666666667,112.38903611773586,4.782558425153921,0.6197298299791871
kinked,tlearner (anchored),False,regret,0.6846258450304553,-0.5703934144175753,0.46548201848052895,0.20867685557933802,2.6666666666666667e-05,115.23290929974328,5.141494426999486,0.6220415186456018
kinked,aipw arm effects,True,logloss,1.8473603856433127,-0.0024445391458602916,0.2121182991866409,16.957615171114465,0.2628,111.79802157694586,4.77586115831423,0.6226228159639973
kinked,aipw arm effects,False,regret,0.5864893272522221,-0.11943171506768613,0.3734277862180594,2.0394611169670585,0.07029333333333333,114.33051625880587,5.095540509278137,0.6549953017531331
mixed,glm (v1),True,logloss,1.352110812053029,-0.6100562275016894,0.7678241116707136,8.527801264970142,0.0,86.90922273705868,4.309935876642019,0.5130296420093708
mixed,glm (v1),False,regret,1.3430627790874792,-0.595699357868928,0.7669426932437081,8.332623538566825,0.0,86.57518682694545,4.3050938861017904,0.5130381968575738
mixed,glm+interactions (v2),True,logloss,1.3331121199935891,-0.5599620103806295,0.7433460203124259,10.012561782550492,0.0,87.76201577375664,4.419769672380856,0.5124502291352523
mixed,glm+interactions (v2),False,regret,1.308088834570339,-0.5211853128707216,0.747381046293452,9.36519802812186,0.0,87.9112996935434,4.4274158342298815,0.5124093346861449
mixed,gbm (v1),True,logloss,2.575491702555876,-0.6480986178366701,0.19556227976488647,17.894526454882975,0.032986666666666664,84.47538221304374,4.293946757972283,0.5185213268150188
mixed,gbm (v1),False,regret,1.3435870621723165,-0.47372784611133123,0.6399106026455855,7.780768205787069,0.007893333333333334,86.98320038680475,4.3842332282355985,0.5270605349936255
mixed,gbm (v2: I1+I2+I3+I4),True,logloss,1.8802509543145745,-1.1850271799062104,0.6631638690484207,10.744795434946445,0.31381333333333333,86.87066230787958,4.28732603970244,0.5126870605957665
mixed,gbm (v2: I1+I2+I3+I4),False,regret,1.376421225413785,-0.10551046446499779,0.5481183007999743,3.707527195751548,0.0,85.65379311464868,4.077314723449856,0.5200305591129089
mixed,tlearner (v1),True,logloss,2.902112361414009,-0.11776698075382219,0.45689644901644044,16.23074401217757,0.23186666666666667,81.40941229959218,3.892284402103789,0.5220721472467684
mixed,tlearner (v1),False,regret,1.3234364895737178,-0.5862821944495973,0.6958114934555844,4.809434424787623,0.06736,91.15001712497015,4.6159155083670065,0.5297385105499979
mixed,tlearner (anchored),True,logloss,1.2919165157190322,-0.08862888449102879,0.7297911365013746,6.927691268422987,5.333333333333333e-05,85.54468902613819,4.159024169962981,0.5181835804191249
mixed,tlearner (anchored),False,regret,0.7312334955696461,-0.1964144255518585,0.9032492291278102,3.1847996976929043,0.004373333333333333,89.15155826675858,4.381866542670635,0.5285145852613957
mixed,aipw arm effects,True,logloss,6.059944250473864,0.27935705186223414,0.3494952828086197,11.796280640318937,0.21696,84.25927115862511,4.100518602338582,0.5233792087553174
mixed,aipw arm effects,False,regret,1.4808453697329322,-0.766177503736073,0.632481589524009,7.123380296936667,0.05298666666666667,88.8144736261207,4.587973104922575,0.5905757065974574
logit,glm (v1),False,none,0.844615247820255,-0.3759231470089055,0.8348010156740233,6.44351369571553,0.0,89.25668199198644,4.328515204544767,0.5150042544419589
logit,glm+interactions (v2),False,none,0.8730299150320311,-0.4034516866792095,0.8146906826663672,8.718806204457724,0.0,89.78803547670687,4.433567701180175,0.5151713480248292
logit,gbm (v1),False,none,1.266949829565042,-0.4468423727317046,0.4693574657518001,9.950008962935808,0.0048,88.82543134458173,4.35453213679219,0.5231447743311606
logit,gbm (v2: I1+I2+I3+I4),False,none,1.447706329678175,1.0904122191141163,0.7339461373880591,9.263281292682395,0.0,86.9241331301885,3.8657895292060256,0.5198141681261951
logit,tlearner (v1),False,none,2.1611914531698946,-0.19906427366862456,0.4144184895422733,12.039234960759705,0.19909333333333334,86.85425068935393,4.074689398701069,0.5270194338097949
logit,tlearner (anchored),False,none,1.0029057265840198,-0.1545595655290184,0.7264840026898618,6.638694644892667,0.0,88.34834514199588,4.1892597259296505,0.5244154907534679
logit,aipw arm effects,False,none,3.7961940984746265,0.3943963128817285,0.3997882415720334,12.749273269359351,0.00013333333333333334,85.68469405001348,3.5707768818758083,0.5303732765597228
probit,glm (v1),False,none,1.2482601315106863,-0.5619156664658203,0.8112637321946381,6.354845855351547,0.0,88.69443455669965,4.3098959826543535,0.5174483421394652
probit,glm+interactions (v2),False,none,1.2504910939092684,-0.5571701672077378,0.793693459449811,8.745358839497722,0.0,89.82345527642687,4.428651710946535,0.5175946142230429
probit,gbm (v1),False,none,1.6115200860288579,-0.5575360230193396,0.42086661242283857,10.078433162545796,0.0033066666666666665,89.94509581041744,4.370758071340757,0.5249220609304971
probit,gbm (v2: I1+I2+I3+I4),False,none,1.668631714188893,1.078973163957325,0.7030643078964635,8.164763873935733,0.0,86.47780825041528,3.87802712204202,0.52205510673948
probit,tlearner (v1),False,none,2.274616487601128,-0.33951335558406437,0.40245691989363397,12.7278044141961,0.19357333333333332,87.92548293630982,4.232470101696568,0.5296505260724249
probit,tlearner (anchored),False,none,1.1858733876700174,-0.32584955533829585,0.7194134713844277,6.746452452630513,8e-05,88.55812734119243,4.212597632794369,0.5271319019710855
probit,aipw arm effects,False,none,3.8354656079232394,0.29271746328106474,0.4628075848511511,13.446757027086424,2.6666666666666667e-05,83.6528687206549,3.5141482520546035,0.5326324332829918
kinked,glm (v1),False,none,0.37731881902676256,-0.06303635589000844,0.5164263549498358,0.12085399638576055,0.0,115.26862667043548,5.140822093560522,0.6163557587896793
kinked,glm+interactions (v2),False,none,0.3835609663137688,-0.013609634405749027,0.49705263873546074,0.1157533702458612,0.0,114.76258184454886,5.119257197355209,0.6163251147780674
kinked,gbm (v1),False,none,0.596489485461721,-0.1415534986724336,0.22530743349008936,2.0128704185931734,0.01456,113.93684753561284,5.079377134679932,0.6193543656424698
kinked,gbm (v2: I1+I2+I3+I4),False,none,0.7911404751158322,0.6036094049237778,0.43207327865219713,20.145198654015715,0.0,112.98190883250558,4.928626998647052,0.6184702946336585
kinked,tlearner (v1),False,none,1.5547014276087168,-0.0479338131177538,0.21829890547892877,17.590926010924502,0.27586666666666665,110.57049294225503,4.674213817555015,0.622573144226576
kinked,tlearner (anchored),False,none,0.7023782618040302,0.07408391839729844,0.3972071871901506,6.368600255540107,0.0,113.24611610246697,4.801763743837308,0.6205811306941661
kinked,aipw arm effects,False,none,1.3216789376461773,0.2762484297683606,0.2692219769885224,18.11667003155514,8e-05,108.5158828495535,4.084950448116921,0.6234145751533297
mixed,glm (v1),False,none,1.3468872919997728,-0.6017940891911893,0.7673161468345693,8.414435994393084,0.0,86.74992630602925,4.306108579496246,0.5130337161477371
mixed,glm+interactions (v2),False,none,1.3535977239248578,-0.5982148805181089,0.7458047242143243,10.457365876290433,0.0,87.14744990870592,4.418625599670443,0.5124365657778789
mixed,gbm (v1),False,none,1.5459896927428671,-0.5952862095870419,0.5222023732429891,9.200318467277059,0.004933333333333333,86.51600515487364,4.278484742926603,0.5174696003903392
mixed,gbm (v2: I1+I2+I3+I4),False,none,1.5200559952598687,1.0059644046643572,0.7675295374025545,10.936609554142223,0.0,86.07307354906915,4.012102231226204,0.5143719212726507
mixed,tlearner (v1),False,none,2.177646336814227,-0.28562365242377075,0.5077587657038323,11.094410178184042,0.19618666666666668,83.06484973292817,4.145826807169849,0.521203935319339
mixed,tlearner (anchored),False,none,1.0514721053942484,-0.1663452962485783,0.79864474334169,5.508512175260521,0.0,86.18826409622777,4.173756390447728,0.5185272089865909
mixed,aipw arm effects,False,none,3.987644702616235,0.38551795135992517,0.4739577076144046,11.862481973991605,0.00018666666666666666,82.0365971707381,3.6648905319994665,0.5243426430645922
